,0
0,AR PL UKai CN
1,AR PL UKai HK
2,AR PL UKai TW
3,AR PL UKai TW MBE
4,AR PL UMing CN
5,AR PL UMing HK
6,AR PL UMing TW
7,AR PL UMing TW MBE
8,Abyssinica SIL
9,Ani
10,AnjaliOldLipi
11,Bitstream Charter
12,C059
13,Century Schoolbook L
14,Chandas
15,Chilanka
16,Courier 10 Pitch
17,D050000L
18,DejaVu Math TeX Gyre
19,DejaVu Sans
20,DejaVu Sans
21,DejaVu Sans
22,DejaVu Sans Mono
23,DejaVu Serif
24,DejaVu Serif
25,Dingbats
26,Droid Sans Fallback
27,Dyuthi
28,FreeMono
29,FreeSans
30,FreeSerif
31,Gargi
32,Garuda
33,Gayathri
34,Gayathri
35,Gubbi
36,Jamrul
37,KacstArt
38,KacstBook
39,KacstDecorative
40,KacstDigital
41,KacstFarsi
42,KacstLetter
43,KacstNaskh
44,KacstOffice
45,KacstOne
46,KacstPen
47,KacstPoster
48,KacstQurn
49,KacstScreen
50,KacstTitle
51,KacstTitleL
52,Kalapi
53,Kalimati
54,Karumbi
55,Keraleeyam
56,Khmer OS
57,Khmer OS System
58,Kinnari
59,LKLUG
60,Laksaman
61,Lato
62,Lato
63,Lato
64,Lato
65,Lato
66,Lato
67,Lato
68,Lato
69,Liberation Mono
70,Liberation Sans
71,Liberation Sans Narrow
72,Liberation Serif
73,Likhan
74,Lohit Assamese
75,Lohit Bengali
76,Lohit Devanagari
77,Lohit Gujarati
78,Lohit Gurmukhi
79,Lohit Kannada
80,Lohit Malayalam
81,Lohit Odia
82,Lohit Tamil
83,Lohit Tamil Classical
84,Lohit Telugu
85,Loma
86,Manjari
87,Manjari
88,MathJax_AMS
89,MathJax_Caligraphic
90,MathJax_Fraktur
91,MathJax_Main
92,MathJax_Math
93,MathJax_SansSerif
94,MathJax_Script
95,MathJax_Size1
96,MathJax_Size2
97,MathJax_Size3
98,MathJax_Size4
99,MathJax_Typewriter
100,MathJax_Vector
101,MathJax_Vector-Bold
102,MathJax_WinChrome
103,MathJax_WinIE6
104,Meera
105,Mitra Mono
106,Mukti Narrow
107,Mukti Narrow
108,Nakula
109,Navilu
110,Nimbus Mono L
111,Nimbus Mono PS
112,Nimbus Roman
113,Nimbus Roman No9 L
114,Nimbus Sans
115,Nimbus Sans L
116,Nimbus Sans Narrow
117,Norasi
118,Noto Color Emoji
119,Noto Mono
120,Noto Sans CJK HK
121,Noto Sans CJK JP
122,Noto Sans CJK KR
123,Noto Sans CJK SC
124,Noto Sans CJK TC
125,Noto Sans Mono CJK HK
126,Noto Sans Mono CJK JP
127,Noto Sans Mono CJK KR
128,Noto Sans Mono CJK SC
129,Noto Sans Mono CJK TC
130,Noto Serif CJK JP
131,Noto Serif CJK KR
132,Noto Serif CJK SC
133,Noto Serif CJK TC
134,Oldania ADF Std
135,OpenSymbol
136,P052
137,Padauk
138,Padauk Book
139,Pagul
140,Phetsarath OT
141,Pothana2000
142,Purisa
143,Rachana
144,RaghuMalayalamSans
145,Rasa
146,Rasa
147,Rasa
148,Rasa
149,Rekha
150,Saab
151,Sahadeva
152,Samanata
153,Samyak Devanagari
154,Samyak Gujarati
155,Samyak Malayalam
156,Samyak Tamil
157,Sarai
158,Sawasdee
159,Standard Symbols L
160,Standard Symbols PS
161,Suruma
162,Symbola
163,Tibetan Machine Uni
164,Tlwg Mono
165,Tlwg Typewriter
166,Tlwg Typist
167,Tlwg Typo
168,URW Bookman
169,URW Bookman L
170,URW Chancery L
171,URW Gothic
172,URW Gothic L
173,URW Palladio L
174,Ubuntu
175,Ubuntu
176,Ubuntu
177,Ubuntu Condensed
178,Ubuntu Mono
179,Umpush
180,Uroob
181,Vemana2000
182,Waree
183,Yrsa
184,Yrsa
185,Yrsa
186,Yrsa
187,Z003
188,aakar
189,mry_KacstQurn
190,ori1Uni
191,padmaa
192,padmaa-Bold.1.1
